﻿<?xml version="1.0" encoding="utf-8"?>
<!--Generated by Headlight Authoring Tool v1.0.0.0 on 17 сентября 2009 г. 19:57:30.
XML Format v1.0.0.1 .-->
<AdData xmlns:xsi="http://www.w3.org/2001/XMLSchema-instance" xmlns:xsd="http://www.w3.org/2001/XMLSchema">
  <MenuTree />
  <SlideShowImages />
  <DirectLinks />
  <Impressions />
  <WebLinks />
  <TrackingURLs />
  <ClickThroughURLs />
  <ImpressionProfiles>
    <ImpressionProfile Name="Default Profile" MinVisibleAreaWidth="80" MinVisibleAreaHeight="80" MinSizeWidth="50" MinSizeHeight="50" MaxSizeWidth="150" MaxSizeHeight="150" IntervalString="00:00:05" />
  </ImpressionProfiles>
</AdData>