﻿<?xml version="1.0" encoding="utf-8" ?>
<Profile>
  <FirstName>Иван</FirstName>
  <SecondName>Иванович</SecondName>
  <LastName>Иванов</LastName>
  <Subtexts>
    <Text>Какой то непонятный текст. Какой то непонятный текст. Какой то непонятный текст. Какой то непонятный текст. Какой то непонятный текст. Какой то непонятный текст. Какой то непонятный текст. Какой то непонятный текст.</Text>
  </Subtexts>
  <Subtexts>
    <Text>Другой непонятный текст. Другой непонятный текст. Другой непонятный текст. Другой непонятный текст. Другой непонятный текст. Другой непонятный текст. Другой непонятный текст. Другой непонятный текст. Другой непонятный текст.</Text>
  </Subtexts>
</Profile>